year,state,district,cook,rothenberg,cq_politics,sabatos_crystal_ball,real_clear,roll_call,ny_times,the_hill,daily_kos,fivethirtyeight,ddhq,elections_daily,politico,fox,the_economist,avg_rating
2010,Alabama,2,4,4.75,4,3,4,NA,NA,NA,NA,NA,NA,NA,NA,NA,NA,3.95
2010,Alabama,5,6,7,7,6,6,NA,NA,NA,NA,NA,NA,NA,NA,NA,NA,6.4
2010,Arizona,1,5,5.5,5,5,5,NA,NA,NA,NA,NA,NA,NA,NA,NA,NA,5.1
2010,Arizona,3,5,7,7,5,5,NA,NA,NA,NA,NA,NA,NA,NA,NA,NA,5.8
2010,Arizona,5,4,4.75,4,5,5,NA,NA,NA,NA,NA,NA,NA,NA,NA,NA,4.55
2010,Arizona,7,4,2.5,3,3,4,NA,NA,NA,NA,NA,NA,NA,NA,NA,NA,3.3
2010,Arizona,8,4,4,4,3,5,NA,NA,NA,NA,NA,NA,NA,NA,NA,NA,4
2010,Arkansas,1,5,4.75,4,5,5,NA,NA,NA,NA,NA,NA,NA,NA,NA,NA,4.75
2010,Arkansas,2,6,6.25,6,6,6,NA,NA,NA,NA,NA,NA,NA,NA,NA,NA,6.05
2010,California,3,5,5.5,5,5,5,NA,NA,NA,NA,NA,NA,NA,NA,NA,NA,5.1
2010,California,11,4,4,4,5,5,NA,NA,NA,NA,NA,NA,NA,NA,NA,NA,4.4
2010,California,18,2,1,1,2,3,NA,NA,NA,NA,NA,NA,NA,NA,NA,NA,1.8
2010,California,20,4,2.5,3,3,5,NA,NA,NA,NA,NA,NA,NA,NA,NA,NA,3.5
2010,California,47,3,2.5,3,2,3,NA,NA,NA,NA,NA,NA,NA,NA,NA,NA,2.7
2010,Colorado,3,4,4.75,4,5,5,NA,NA,NA,NA,NA,NA,NA,NA,NA,NA,4.55
2010,Colorado,4,5,6.25,6,5,5,NA,NA,NA,NA,NA,NA,NA,NA,NA,NA,5.45
2010,Colorado,7,3,1.75,3,2,4,NA,NA,NA,NA,NA,NA,NA,NA,NA,NA,2.75
2010,Connecticut,4,3,1.75,3,3,4,NA,NA,NA,NA,NA,NA,NA,NA,NA,NA,2.95
2010,Connecticut,5,3,1.75,3,3,4,NA,NA,NA,NA,NA,NA,NA,NA,NA,NA,2.95
2010,Delaware,AL,2,2.5,2,3,3,NA,NA,NA,NA,NA,NA,NA,NA,NA,NA,2.5
2010,Florida,2,5,6.25,5,5,5,NA,NA,NA,NA,NA,NA,NA,NA,NA,NA,5.25
2010,Florida,8,6,6.25,5,5,5,NA,NA,NA,NA,NA,NA,NA,NA,NA,NA,5.45
2010,Florida,12,5,4.75,5,5,6,NA,NA,NA,NA,NA,NA,NA,NA,NA,NA,5.15
2010,Florida,22,4,4,3,5,5,NA,NA,NA,NA,NA,NA,NA,NA,NA,NA,4.2
2010,Florida,24,5,6.25,6,5,5,NA,NA,NA,NA,NA,NA,NA,NA,NA,NA,5.45
2010,Florida,25,5,5.5,5,5,5,NA,NA,NA,NA,NA,NA,NA,NA,NA,NA,5.1
2010,Georgia,2,4,2.5,4,5,5,NA,NA,NA,NA,NA,NA,NA,NA,NA,NA,4.1
2010,Georgia,8,5,5.5,5,5,5,NA,NA,NA,NA,NA,NA,NA,NA,NA,NA,5.1
2010,Hawaii,1,4,4,4,5,4,NA,NA,NA,NA,NA,NA,NA,NA,NA,NA,4.2
2010,Idaho,1,4,3.25,3,5,4,NA,NA,NA,NA,NA,NA,NA,NA,NA,NA,3.85
2010,Illinois,8,2,1,1,2,3,NA,NA,NA,NA,NA,NA,NA,NA,NA,NA,1.8
2010,Illinois,10,3,3.25,3,3,4,NA,NA,NA,NA,NA,NA,NA,NA,NA,NA,3.25
2010,Illinois,11,5,6.25,6,5,6,NA,NA,NA,NA,NA,NA,NA,NA,NA,NA,5.65
2010,Illinois,14,4,4.75,4,5,5,NA,NA,NA,NA,NA,NA,NA,NA,NA,NA,4.55
2010,Illinois,17,4,4.75,4,5,5,NA,NA,NA,NA,NA,NA,NA,NA,NA,NA,4.55
2010,Indiana,2,4,2.5,3,3,4,NA,NA,NA,NA,NA,NA,NA,NA,NA,NA,3.3
2010,Indiana,8,6,6.25,6,6,5,NA,NA,NA,NA,NA,NA,NA,NA,NA,NA,5.85
2010,Indiana,9,4,4.75,5,5,5,NA,NA,NA,NA,NA,NA,NA,NA,NA,NA,4.75
2010,Iowa,1,3,1.75,3,2,3,NA,NA,NA,NA,NA,NA,NA,NA,NA,NA,2.55
2010,Iowa,2,3,1.75,3,2,3,NA,NA,NA,NA,NA,NA,NA,NA,NA,NA,2.55
2010,Iowa,3,3,1.75,3,3,3,NA,NA,NA,NA,NA,NA,NA,NA,NA,NA,2.75
2010,Kansas,3,6,6.25,6,6,6,NA,NA,NA,NA,NA,NA,NA,NA,NA,NA,6.05
2010,Kentucky,3,2,1.75,2,2,3,NA,NA,NA,NA,NA,NA,NA,NA,NA,NA,2.15
2010,Kentucky,6,4,2.5,3,3,4,NA,NA,NA,NA,NA,NA,NA,NA,NA,NA,3.3
2010,Louisiana,2,3,1.75,2,3,3,NA,NA,NA,NA,NA,NA,NA,NA,NA,NA,2.55
2010,Louisiana,3,6,6.25,7,6,6,NA,NA,NA,NA,NA,NA,NA,NA,NA,NA,6.25
2010,Maine,1,4,1.75,3,3,4,NA,NA,NA,NA,NA,NA,NA,NA,NA,NA,3.15
2010,Maine,2,3,1.75,2,1,4,NA,NA,NA,NA,NA,NA,NA,NA,NA,NA,2.35
2010,Maryland,1,5,5.5,5,5,5,NA,NA,NA,NA,NA,NA,NA,NA,NA,NA,5.1
2010,Massachusetts,4,3,1,2,2,3,NA,NA,NA,NA,NA,NA,NA,NA,NA,NA,2.2
2010,Massachusetts,5,2,1,2,1,2,NA,NA,NA,NA,NA,NA,NA,NA,NA,NA,1.6
2010,Massachusetts,10,4,4,4,3,4,NA,NA,NA,NA,NA,NA,NA,NA,NA,NA,3.8
2010,Michigan,1,5,4,5,5,5,NA,NA,NA,NA,NA,NA,NA,NA,NA,NA,4.8
2010,Michigan,7,4,4,4,5,4,NA,NA,NA,NA,NA,NA,NA,NA,NA,NA,4.2
2010,Michigan,9,3,2.5,2,3,4,NA,NA,NA,NA,NA,NA,NA,NA,NA,NA,2.9
2010,Minnesota,1,3,1.75,3,3,3,NA,NA,NA,NA,NA,NA,NA,NA,NA,NA,2.75
2010,Minnesota,6,6,7,7,6,6,NA,NA,NA,NA,NA,NA,NA,NA,NA,NA,6.4
2010,Minnesota,8,4,1.75,2,3,4,NA,NA,NA,NA,NA,NA,NA,NA,NA,NA,2.95
2010,Mississippi,1,4,4.75,4,5,5,NA,NA,NA,NA,NA,NA,NA,NA,NA,NA,4.55
2010,Mississippi,4,4,4,4,3,4,NA,NA,NA,NA,NA,NA,NA,NA,NA,NA,3.8
2010,Missouri,3,3,1.75,2,2,3,NA,NA,NA,NA,NA,NA,NA,NA,NA,NA,2.35
2010,Missouri,4,4,4,4,3,4,NA,NA,NA,NA,NA,NA,NA,NA,NA,NA,3.8
2010,Nebraska,2,6,7,7,6,6,NA,NA,NA,NA,NA,NA,NA,NA,NA,NA,6.4
2010,Nevada,3,5,4.75,5,5,5,NA,NA,NA,NA,NA,NA,NA,NA,NA,NA,4.95
2010,New Hampshire,1,5,6.25,5,5,5,NA,NA,NA,NA,NA,NA,NA,NA,NA,NA,5.25
2010,New Hampshire,2,4,4,4,5,4,NA,NA,NA,NA,NA,NA,NA,NA,NA,NA,4.2
2010,New Jersey,3,4,4.75,3,5,5,NA,NA,NA,NA,NA,NA,NA,NA,NA,NA,4.35
2010,New Jersey,12,2,1,1,2,3,NA,NA,NA,NA,NA,NA,NA,NA,NA,NA,1.8
2010,New Mexico,1,4,4,3,3,4,NA,NA,NA,NA,NA,NA,NA,NA,NA,NA,3.6
2010,New Mexico,2,5,5.5,4,5,5,NA,NA,NA,NA,NA,NA,NA,NA,NA,NA,4.9
2010,New York,1,4,3.25,4,2,4,NA,NA,NA,NA,NA,NA,NA,NA,NA,NA,3.45
2010,New York,4,2,1,2,1,2,NA,NA,NA,NA,NA,NA,NA,NA,NA,NA,1.6
2010,New York,13,3,1.75,3,2,4,NA,NA,NA,NA,NA,NA,NA,NA,NA,NA,2.75
2010,New York,19,4,4.75,4,5,4,NA,NA,NA,NA,NA,NA,NA,NA,NA,NA,4.35
2010,New York,20,4,4.75,4,5,5,NA,NA,NA,NA,NA,NA,NA,NA,NA,NA,4.55
2010,New York,22,3,1,2,2,3,NA,NA,NA,NA,NA,NA,NA,NA,NA,NA,2.2
2010,New York,23,4,4,4,5,5,NA,NA,NA,NA,NA,NA,NA,NA,NA,NA,4.4
2010,New York,24,4,4,4,3,4,NA,NA,NA,NA,NA,NA,NA,NA,NA,NA,3.8
2010,New York,25,3,1.75,2,2,3,NA,NA,NA,NA,NA,NA,NA,NA,NA,NA,2.35
2010,New York,29,6,6.25,7,6,6,NA,NA,NA,NA,NA,NA,NA,NA,NA,NA,6.25
2010,North Carolina,2,3,3.25,2,2,4,NA,NA,NA,NA,NA,NA,NA,NA,NA,NA,2.85
2010,North Carolina,7,4,3.25,3,2,4,NA,NA,NA,NA,NA,NA,NA,NA,NA,NA,3.25
2010,North Carolina,8,4,2.5,4,5,4,NA,NA,NA,NA,NA,NA,NA,NA,NA,NA,3.9
2010,North Carolina,11,3,1.75,2,2,4,NA,NA,NA,NA,NA,NA,NA,NA,NA,NA,2.55
2010,North Dakota,AL,4,4,4,5,5,NA,NA,NA,NA,NA,NA,NA,NA,NA,NA,4.4
2010,Ohio,1,5,6.25,6,5,5,NA,NA,NA,NA,NA,NA,NA,NA,NA,NA,5.45
2010,Ohio,6,4,4,4,3,4,NA,NA,NA,NA,NA,NA,NA,NA,NA,NA,3.8
2010,Ohio,12,6,7,7,6,6,NA,NA,NA,NA,NA,NA,NA,NA,NA,NA,6.4
2010,Ohio,13,2,1.75,2,2,3,NA,NA,NA,NA,NA,NA,NA,NA,NA,NA,2.15
2010,Ohio,15,5,6.25,6,5,6,NA,NA,NA,NA,NA,NA,NA,NA,NA,NA,5.65
2010,Ohio,16,4,5.5,4,5,5,NA,NA,NA,NA,NA,NA,NA,NA,NA,NA,4.7
2010,Ohio,18,4,4.75,4,5,5,NA,NA,NA,NA,NA,NA,NA,NA,NA,NA,4.55
2010,Oregon,1,2,1,2,1,2,NA,NA,NA,NA,NA,NA,NA,NA,NA,NA,1.6
2010,Oregon,5,4,4,4,3,4,NA,NA,NA,NA,NA,NA,NA,NA,NA,NA,3.8
2010,Pennsylvania,3,5,6.25,6,5,5,NA,NA,NA,NA,NA,NA,NA,NA,NA,NA,5.45
2010,Pennsylvania,4,3,1.75,2,2,3,NA,NA,NA,NA,NA,NA,NA,NA,NA,NA,2.35
2010,Pennsylvania,6,6,7,7,6,5,NA,NA,NA,NA,NA,NA,NA,NA,NA,NA,6.2
2010,Pennsylvania,7,5,4.75,4,5,4,NA,NA,NA,NA,NA,NA,NA,NA,NA,NA,4.55
2010,Pennsylvania,8,4,4.75,4,5,4,NA,NA,NA,NA,NA,NA,NA,NA,NA,NA,4.35
2010,Pennsylvania,10,4,4,4,5,5,NA,NA,NA,NA,NA,NA,NA,NA,NA,NA,4.4
2010,Pennsylvania,11,4,4.75,5,5,4,NA,NA,NA,NA,NA,NA,NA,NA,NA,NA,4.55
2010,Pennsylvania,12,3,4,3,3,4,NA,NA,NA,NA,NA,NA,NA,NA,NA,NA,3.4
2010,Pennsylvania,15,6,6.25,5,5,6,NA,NA,NA,NA,NA,NA,NA,NA,NA,NA,5.65
2010,Pennsylvania,17,2,1,2,2,2,NA,NA,NA,NA,NA,NA,NA,NA,NA,NA,1.8
2010,Rhode Island,1,3,2.5,3,3,4,NA,NA,NA,NA,NA,NA,NA,NA,NA,NA,3.1
2010,South Carolina,5,4,5.5,5,5,5,NA,NA,NA,NA,NA,NA,NA,NA,NA,NA,4.9
2010,South Dakota,AL,4,4.75,4,5,5,NA,NA,NA,NA,NA,NA,NA,NA,NA,NA,4.55
2010,Tennessee,4,4,4.75,4,5,4,NA,NA,NA,NA,NA,NA,NA,NA,NA,NA,4.35
2010,Tennessee,6,6,6.25,7,6,6,NA,NA,NA,NA,NA,NA,NA,NA,NA,NA,6.25
2010,Tennessee,8,6,6.25,6,6,6,NA,NA,NA,NA,NA,NA,NA,NA,NA,NA,6.05
2010,Texas,17,5,6.25,6,5,6,NA,NA,NA,NA,NA,NA,NA,NA,NA,NA,5.65
2010,Texas,23,4,4,4,5,5,NA,NA,NA,NA,NA,NA,NA,NA,NA,NA,4.4
2010,Texas,27,3,1.75,2,1,4,NA,NA,NA,NA,NA,NA,NA,NA,NA,NA,2.35
2010,Virginia,2,5,5.5,5,5,5,NA,NA,NA,NA,NA,NA,NA,NA,NA,NA,5.1
2010,Virginia,5,5,4.75,4,5,5,NA,NA,NA,NA,NA,NA,NA,NA,NA,NA,4.75
2010,Virginia,9,4,3.25,3,3,4,NA,NA,NA,NA,NA,NA,NA,NA,NA,NA,3.45
2010,Virginia,11,4,2.5,3,3,4,NA,NA,NA,NA,NA,NA,NA,NA,NA,NA,3.3
2010,Washington,2,4,2.5,3,3,4,NA,NA,NA,NA,NA,NA,NA,NA,NA,NA,3.3
2010,Washington,3,5,4.75,5,5,4,NA,NA,NA,NA,NA,NA,NA,NA,NA,NA,4.75
2010,Washington,8,6,6.25,5,5,5,NA,NA,NA,NA,NA,NA,NA,NA,NA,NA,5.45
2010,West Virginia,1,4,4,4,5,4,NA,NA,NA,NA,NA,NA,NA,NA,NA,NA,4.2
2010,West Virginia,3,2,1,2,2,3,NA,NA,NA,NA,NA,NA,NA,NA,NA,NA,2
2010,Wisconsin,3,3,1.75,3,2,4,NA,NA,NA,NA,NA,NA,NA,NA,NA,NA,2.75
2010,Wisconsin,7,4,4.75,4,5,5,NA,NA,NA,NA,NA,NA,NA,NA,NA,NA,4.55
2010,Wisconsin,8,5,5.5,5,5,5,NA,NA,NA,NA,NA,NA,NA,NA,NA,NA,5.1
2012,Arizona,1,4,4,NA,5,4,4,4,4,NA,NA,NA,NA,NA,NA,NA,4.142857143
2012,Arizona,2,3,4,NA,2,3,3,4,3,NA,NA,NA,NA,NA,NA,NA,3.142857143
2012,Arizona,9,3,4,NA,3,3,4,2.5,4,NA,NA,NA,NA,NA,NA,NA,3.357142857
2012,Arkansas,1,7,7,NA,7,7,7,7,6,NA,NA,NA,NA,NA,NA,NA,6.857142857
2012,Arkansas,4,6,7,NA,7,7,7,7,6,NA,NA,NA,NA,NA,NA,NA,6.714285714
2012,California,3,2,1,NA,1,2,2,2.5,3,NA,NA,NA,NA,NA,NA,NA,1.928571429
2012,California,7,4,4,NA,3,4,4,4,4,NA,NA,NA,NA,NA,NA,NA,3.857142857
2012,California,9,4,4,NA,3,4,4,2.5,3,NA,NA,NA,NA,NA,NA,NA,3.5
2012,California,10,4,4,NA,5,4,4,5.5,4,NA,NA,NA,NA,NA,NA,NA,4.357142857
2012,California,16,1,1,NA,1,1,1,2.5,2,NA,NA,NA,NA,NA,NA,NA,1.357142857
2012,California,21,6,7,NA,6,6,7,5.5,5,NA,NA,NA,NA,NA,NA,NA,6.071428571
2012,California,24,3,4,NA,3,4,4,2.5,4,NA,NA,NA,NA,NA,NA,NA,3.5
2012,California,26,4,4,NA,3,4,4,2.5,4,NA,NA,NA,NA,NA,NA,NA,3.642857143
2012,California,36,4,4,NA,5,4,4,5.5,4,NA,NA,NA,NA,NA,NA,NA,4.357142857
2012,California,41,3,2.5,NA,3,3,3,4,3,NA,NA,NA,NA,NA,NA,NA,3.071428571
2012,California,47,2,1.75,NA,2,2,1,2.5,2,NA,NA,NA,NA,NA,NA,NA,1.892857143
2012,California,52,4,4,NA,3,4,4,4,4,NA,NA,NA,NA,NA,NA,NA,3.857142857
2012,Colorado,3,5,6.25,NA,6,5,4,5.5,5,NA,NA,NA,NA,NA,NA,NA,5.25
2012,Colorado,6,4,4,NA,5,4,4,5.5,4,NA,NA,NA,NA,NA,NA,NA,4.357142857
2012,Colorado,7,3,2.5,NA,2,3,2,1,1,NA,NA,NA,NA,NA,NA,NA,2.071428571
2012,Connecticut,4,1,1,NA,1,2,1,1,1,NA,NA,NA,NA,NA,NA,NA,1.142857143
2012,Connecticut,5,4,4,NA,3,4,3,4,3,NA,NA,NA,NA,NA,NA,NA,3.571428571
2012,Florida,2,5,6.25,NA,5,5,5,5.5,6,NA,NA,NA,NA,NA,NA,NA,5.392857143
2012,Florida,9,2,1,NA,1,2,1,2.5,2,NA,NA,NA,NA,NA,NA,NA,1.642857143
2012,Florida,10,5,5.5,NA,5,5,5,5.5,4,NA,NA,NA,NA,NA,NA,NA,5
2012,Florida,13,7,7,NA,7,6,7,7,5,NA,NA,NA,NA,NA,NA,NA,6.571428571
2012,Florida,16,6,6.25,NA,6,6,6,5.5,6,NA,NA,NA,NA,NA,NA,NA,5.964285714
2012,Florida,18,4,4,NA,5,4,5,4,4,NA,NA,NA,NA,NA,NA,NA,4.285714286
2012,Florida,22,2,1.75,NA,3,3,2,2.5,4,NA,NA,NA,NA,NA,NA,NA,2.607142857
2012,Florida,26,3,2.5,NA,3,3,3,4,2,NA,NA,NA,NA,NA,NA,NA,2.928571429
2012,Georgia,12,4,4,NA,3,4,4,4,4,NA,NA,NA,NA,NA,NA,NA,3.857142857
2012,Illinois,8,2,1.75,NA,3,2,3,2.5,2,NA,NA,NA,NA,NA,NA,NA,2.321428571
2012,Illinois,10,4,4,NA,5,4,4,2.5,4,NA,NA,NA,NA,NA,NA,NA,3.928571429
2012,Illinois,11,4,4,NA,3,3,4,2.5,3,NA,NA,NA,NA,NA,NA,NA,3.357142857
2012,Illinois,12,4,4,NA,3,4,4,4,4,NA,NA,NA,NA,NA,NA,NA,3.857142857
2012,Illinois,13,4,4,NA,3,4,4,5.5,4,NA,NA,NA,NA,NA,NA,NA,4.071428571
2012,Illinois,17,4,4,NA,3,4,4,2.5,3,NA,NA,NA,NA,NA,NA,NA,3.5
2012,Indiana,2,6,7,NA,6,6,6,1,5,NA,NA,NA,NA,NA,NA,NA,5.285714286
2012,Indiana,8,5,6.25,NA,5,6,7,5.5,5,NA,NA,NA,NA,NA,NA,NA,5.678571429
2012,Iowa,1,2,1,NA,2,2,1,1,2,NA,NA,NA,NA,NA,NA,NA,1.571428571
2012,Iowa,2,2,1.75,NA,2,2,2,1,3,NA,NA,NA,NA,NA,NA,NA,1.964285714
2012,Iowa,3,5,4,NA,5,4,4,4,4,NA,NA,NA,NA,NA,NA,NA,4.285714286
2012,Iowa,4,5,4,NA,5,4,5,5.5,5,NA,NA,NA,NA,NA,NA,NA,4.785714286
2012,Kentucky,6,4,4,NA,5,4,4,2.5,4,NA,NA,NA,NA,NA,NA,NA,3.928571429
2012,Maine,2,1,1,NA,1,3,1,1,2,NA,NA,NA,NA,NA,NA,NA,1.428571429
2012,Maryland,6,2,1.75,NA,2,2,2,2.5,3,NA,NA,NA,NA,NA,NA,NA,2.178571429
2012,Massachusetts,6,5,5.5,NA,5,5,5,4,5,NA,NA,NA,NA,NA,NA,NA,4.928571429
2012,Michigan,1,4,4,NA,3,4,4,4,4,NA,NA,NA,NA,NA,NA,NA,3.857142857
2012,Michigan,3,6,7,NA,5,6,6,5.5,7,NA,NA,NA,NA,NA,NA,NA,6.071428571
2012,Michigan,6,7,7,NA,7,7,7,7,6,NA,NA,NA,NA,NA,NA,NA,6.857142857
2012,Michigan,7,7,7,NA,7,7,7,5.5,7,NA,NA,NA,NA,NA,NA,NA,6.785714286
2012,Michigan,11,5,5.5,NA,5,4,6,5.5,6,NA,NA,NA,NA,NA,NA,NA,5.285714286
2012,Minnesota,2,7,7,NA,6,7,6,5.5,6,NA,NA,NA,NA,NA,NA,NA,6.357142857
2012,Minnesota,6,5,5.5,NA,6,5,5,7,5,NA,NA,NA,NA,NA,NA,NA,5.5
2012,Minnesota,7,1,1,NA,1,1,1,1,2,NA,NA,NA,NA,NA,NA,NA,1.142857143
2012,Minnesota,8,4,4,NA,3,4,4,4,4,NA,NA,NA,NA,NA,NA,NA,3.857142857
2012,Montana,AL,6,7,NA,6,6,6,7,6,NA,NA,NA,NA,NA,NA,NA,6.285714286
2012,Nebraska,2,6,7,NA,7,5,7,7,6,NA,NA,NA,NA,NA,NA,NA,6.428571429
2012,Nevada,3,5,5.5,NA,5,5,5,5.5,4,NA,NA,NA,NA,NA,NA,NA,5
2012,Nevada,4,4,4,NA,3,4,4,2.5,4,NA,NA,NA,NA,NA,NA,NA,3.642857143
2012,New Hampshire,1,4,4,NA,5,4,4,5.5,4,NA,NA,NA,NA,NA,NA,NA,4.357142857
2012,New Hampshire,2,3,4,NA,3,3,4,4,3,NA,NA,NA,NA,NA,NA,NA,3.428571429
2012,New Jersey,3,5,6.25,NA,6,5,7,5.5,6,NA,NA,NA,NA,NA,NA,NA,5.821428571
2012,New Jersey,5,7,7,NA,7,7,7,7,6,NA,NA,NA,NA,NA,NA,NA,6.857142857
2012,New Jersey,7,7,7,NA,7,6,7,7,7,NA,NA,NA,NA,NA,NA,NA,6.857142857
2012,New Jersey,9,1,1,NA,1,1,1,1,2,NA,NA,NA,NA,NA,NA,NA,1.142857143
2012,New Mexico,1,1,1,NA,1,1,1,2.5,2,NA,NA,NA,NA,NA,NA,NA,1.357142857
2012,New York,1,3,4,NA,3,4,3,4,4,NA,NA,NA,NA,NA,NA,NA,3.571428571
2012,New York,11,6,5.5,NA,6,6,6,4,6,NA,NA,NA,NA,NA,NA,NA,5.642857143
2012,New York,18,4,4,NA,5,5,4,5.5,4,NA,NA,NA,NA,NA,NA,NA,4.5
2012,New York,19,4,4,NA,5,5,4,5.5,4,NA,NA,NA,NA,NA,NA,NA,4.5
2012,New York,21,3,4,NA,3,4,4,2.5,3,NA,NA,NA,NA,NA,NA,NA,3.357142857
2012,New York,22,7,7,NA,7,7,7,5.5,6,NA,NA,NA,NA,NA,NA,NA,6.642857143
2012,New York,23,7,7,NA,7,7,7,5.5,7,NA,NA,NA,NA,NA,NA,NA,6.785714286
2012,New York,24,3,4,NA,3,3,4,4,4,NA,NA,NA,NA,NA,NA,NA,3.571428571
2012,New York,25,2,1.75,NA,3,3,2,2.5,2,NA,NA,NA,NA,NA,NA,NA,2.321428571
2012,New York,27,5,4,NA,5,4,4,4,4,NA,NA,NA,NA,NA,NA,NA,4.285714286
2012,North Carolina,7,4,4,NA,5,4,4,2.5,4,NA,NA,NA,NA,NA,NA,NA,3.928571429
2012,North Carolina,8,6,6.25,NA,6,6,6,4,6,NA,NA,NA,NA,NA,NA,NA,5.75
2012,North Carolina,11,6,6.25,NA,6,6,7,5.5,6,NA,NA,NA,NA,NA,NA,NA,6.107142857
2012,North Carolina,13,6,7,NA,7,7,7,5.5,6,NA,NA,NA,NA,NA,NA,NA,6.5
2012,North Dakota,AL,6,7,NA,6,6,6,7,6,NA,NA,NA,NA,NA,NA,NA,6.285714286
2012,Ohio,6,4,5.5,NA,5,4,5,4,5,NA,NA,NA,NA,NA,NA,NA,4.642857143
2012,Ohio,7,6,7,NA,7,6,7,5.5,6,NA,NA,NA,NA,NA,NA,NA,6.357142857
2012,Ohio,9,1,1,NA,1,1,1,1,2,NA,NA,NA,NA,NA,NA,NA,1.142857143
2012,Ohio,16,5,4,NA,3,4,5,4,4,NA,NA,NA,NA,NA,NA,NA,4.142857143
2012,Oklahoma,2,6,7,NA,5,6,6,7,5,NA,NA,NA,NA,NA,NA,NA,6
2012,Oregon,5,1,1,NA,1,1,1,2.5,2,NA,NA,NA,NA,NA,NA,NA,1.357142857
2012,Pennsylvania,6,6,7,NA,6,6,7,5.5,6,NA,NA,NA,NA,NA,NA,NA,6.214285714
2012,Pennsylvania,7,7,7,NA,7,7,7,5.5,6,NA,NA,NA,NA,NA,NA,NA,6.642857143
2012,Pennsylvania,8,5,6.25,NA,6,6,7,5.5,5,NA,NA,NA,NA,NA,NA,NA,5.821428571
2012,Pennsylvania,11,7,7,NA,7,7,7,7,6,NA,NA,NA,NA,NA,NA,NA,6.857142857
2012,Pennsylvania,12,4,4,NA,3,4,4,4,4,NA,NA,NA,NA,NA,NA,NA,3.857142857
2012,Pennsylvania,15,7,7,NA,7,7,7,7,6,NA,NA,NA,NA,NA,NA,NA,6.857142857
2012,Pennsylvania,18,7,7,NA,7,7,7,7,6,NA,NA,NA,NA,NA,NA,NA,6.857142857
2012,Rhode Island,1,4,4,NA,3,3,4,2.5,4,NA,NA,NA,NA,NA,NA,NA,3.5
2012,South Dakota,AL,6,7,NA,6,7,7,7,7,NA,NA,NA,NA,NA,NA,NA,6.714285714
2012,Tennessee,4,4,4,NA,6,5,5,7,5,NA,NA,NA,NA,NA,NA,NA,5.142857143
2012,Texas,10,7,7,NA,7,7,7,7,6,NA,NA,NA,NA,NA,NA,NA,6.857142857
2012,Texas,14,5,5.5,NA,6,5,5,7,5,NA,NA,NA,NA,NA,NA,NA,5.5
2012,Texas,23,4,4,NA,3,4,4,5.5,4,NA,NA,NA,NA,NA,NA,NA,4.071428571
2012,Texas,34,1,1,NA,1,1,1,1,2,NA,NA,NA,NA,NA,NA,NA,1.142857143
2012,Utah,4,5,4,NA,5,4,5,4,4,NA,NA,NA,NA,NA,NA,NA,4.428571429
2012,Virginia,2,6,6.25,NA,6,6,6,5.5,5,NA,NA,NA,NA,NA,NA,NA,5.821428571
2012,Virginia,5,7,7,NA,6,7,7,7,7,NA,NA,NA,NA,NA,NA,NA,6.857142857
2012,Washington,1,3,2.5,NA,2,3,2,2.5,3,NA,NA,NA,NA,NA,NA,NA,2.571428571
2012,Washington,3,7,7,NA,7,7,7,7,6,NA,NA,NA,NA,NA,NA,NA,6.857142857
2012,Washington,10,1,1,NA,1,1,1,2.5,2,NA,NA,NA,NA,NA,NA,NA,1.357142857
2012,West Virginia,3,2,1,NA,2,2,2,2.5,2,NA,NA,NA,NA,NA,NA,NA,1.928571429
2012,Wisconsin,7,5,5.5,NA,5,5,6,5.5,4,NA,NA,NA,NA,NA,NA,NA,5.142857143
2012,Wisconsin,8,6,7,NA,6,6,7,5.5,6,NA,NA,NA,NA,NA,NA,NA,6.214285714
2014,Alaska,AL,7,7,NA,6,6,NA,NA,NA,6,NA,NA,NA,NA,NA,NA,6.4
2014,Arizona,1,4,4,NA,5,4,NA,NA,NA,4,NA,NA,NA,NA,NA,NA,4.2
2014,Arizona,2,4,4,NA,3,4,NA,NA,NA,4,NA,NA,NA,NA,NA,NA,3.8
2014,Arizona,9,3,1.75,NA,2,2,NA,NA,NA,3,NA,NA,NA,NA,NA,NA,2.35
2014,Arkansas,2,4,4,NA,5,4,NA,NA,NA,4,NA,NA,NA,NA,NA,NA,4.2
2014,Arkansas,4,5,6.25,NA,5,5,NA,NA,NA,5,NA,NA,NA,NA,NA,NA,5.25
2014,California,3,2,1,NA,1,2,NA,NA,NA,2,NA,NA,NA,NA,NA,NA,1.6
2014,California,7,4,4,NA,5,4,NA,NA,NA,4,NA,NA,NA,NA,NA,NA,4.2
2014,California,9,1,1,NA,1,2,NA,NA,NA,1,NA,NA,NA,NA,NA,NA,1.2
2014,California,21,5,6.25,NA,6,5,NA,NA,NA,5,NA,NA,NA,NA,NA,NA,5.45
2014,California,24,2,1.75,NA,2,2,NA,NA,NA,2,NA,NA,NA,NA,NA,NA,1.95
2014,California,26,4,2.5,NA,3,4,NA,NA,NA,4,NA,NA,NA,NA,NA,NA,3.5
2014,California,31,3,2.5,NA,3,3,NA,NA,NA,3,NA,NA,NA,NA,NA,NA,2.9
2014,California,36,3,1,NA,3,3,NA,NA,NA,3,NA,NA,NA,NA,NA,NA,2.6
2014,California,52,4,4,NA,3,4,NA,NA,NA,4,NA,NA,NA,NA,NA,NA,3.8
2014,Colorado,6,5,4,NA,5,4,NA,NA,NA,4,NA,NA,NA,NA,NA,NA,4.4
2014,Connecticut,5,2,1,NA,2,2,NA,NA,NA,2,NA,NA,NA,NA,NA,NA,1.8
2014,Florida,2,4,4,NA,3,4,NA,NA,NA,4,NA,NA,NA,NA,NA,NA,3.8
2014,Florida,18,2,1,NA,2,3,NA,NA,NA,3,NA,NA,NA,NA,NA,NA,2.2
2014,Florida,26,4,4,NA,5,4,NA,NA,NA,4,NA,NA,NA,NA,NA,NA,4.2
2014,Georgia,12,4,2.5,NA,3,4,NA,NA,NA,4,NA,NA,NA,NA,NA,NA,3.5
2014,Hawaii,1,3,2.5,NA,3,4,NA,NA,NA,3,NA,NA,NA,NA,NA,NA,3.1
2014,Illinois,8,2,1,NA,1,1,NA,NA,NA,1,NA,NA,NA,NA,NA,NA,1.2
2014,Illinois,10,4,4,NA,5,4,NA,NA,NA,4,NA,NA,NA,NA,NA,NA,4.2
2014,Illinois,11,2,1,NA,2,3,NA,NA,NA,2,NA,NA,NA,NA,NA,NA,2
2014,Illinois,12,4,4,NA,5,4,NA,NA,NA,4,NA,NA,NA,NA,NA,NA,4.2
2014,Illinois,13,6,7,NA,6,5,NA,NA,NA,6,NA,NA,NA,NA,NA,NA,6
2014,Illinois,17,3,1.75,NA,2,3,NA,NA,NA,3,NA,NA,NA,NA,NA,NA,2.55
2014,Indiana,2,7,7,NA,6,6,NA,NA,NA,7,NA,NA,NA,NA,NA,NA,6.6
2014,Iowa,1,4,4,NA,3,4,NA,NA,NA,4,NA,NA,NA,NA,NA,NA,3.8
2014,Iowa,2,3,2.5,NA,3,3,NA,NA,NA,3,NA,NA,NA,NA,NA,NA,2.9
2014,Iowa,3,4,4,NA,5,4,NA,NA,NA,4,NA,NA,NA,NA,NA,NA,4.2
2014,Iowa,4,7,7,NA,7,6,NA,NA,NA,6,NA,NA,NA,NA,NA,NA,6.6
2014,Kansas,2,6,7,NA,6,6,NA,NA,NA,6,NA,NA,NA,NA,NA,NA,6.2
2014,Kansas,3,6,7,NA,6,6,NA,NA,NA,7,NA,NA,NA,NA,NA,NA,6.4
2014,Maine,2,3,2.5,NA,3,4,NA,NA,NA,3,NA,NA,NA,NA,NA,NA,3.1
2014,Maryland,6,2,1,NA,1,2,NA,NA,NA,2,NA,NA,NA,NA,NA,NA,1.6
2014,Massachusetts,6,3,4,NA,3,3,NA,NA,NA,4,NA,NA,NA,NA,NA,NA,3.4
2014,Massachusetts,9,2,1.75,NA,2,3,NA,NA,NA,2,NA,NA,NA,NA,NA,NA,2.15
2014,Michigan,1,6,6.25,NA,6,5,NA,NA,NA,5,NA,NA,NA,NA,NA,NA,5.65
2014,Michigan,4,7,7,NA,7,6,NA,NA,NA,7,NA,NA,NA,NA,NA,NA,6.8
2014,Michigan,6,6,7,NA,7,7,NA,NA,NA,6,NA,NA,NA,NA,NA,NA,6.6
2014,Michigan,7,7,7,NA,6,6,NA,NA,NA,6,NA,NA,NA,NA,NA,NA,6.4
2014,Michigan,8,7,7,NA,6,6,NA,NA,NA,6,NA,NA,NA,NA,NA,NA,6.4
2014,Michigan,11,6,7,NA,7,7,NA,NA,NA,6,NA,NA,NA,NA,NA,NA,6.6
2014,Minnesota,1,2,1,NA,1,1,NA,NA,NA,1,NA,NA,NA,NA,NA,NA,1.2
2014,Minnesota,7,3,2.5,NA,3,3,NA,NA,NA,4,NA,NA,NA,NA,NA,NA,3.1
2014,Minnesota,8,4,4,NA,5,4,NA,NA,NA,4,NA,NA,NA,NA,NA,NA,4.2
2014,Montana,AL,6,7,NA,6,6,NA,NA,NA,7,NA,NA,NA,NA,NA,NA,6.4
2014,Nebraska,2,4,4,NA,3,4,NA,NA,NA,4,NA,NA,NA,NA,NA,NA,3.8
2014,Nevada,3,6,7,NA,7,6,NA,NA,NA,7,NA,NA,NA,NA,NA,NA,6.6
2014,Nevada,4,3,1.75,NA,3,3,NA,NA,NA,4,NA,NA,NA,NA,NA,NA,2.95
2014,New Hampshire,1,4,4,NA,5,4,NA,NA,NA,4,NA,NA,NA,NA,NA,NA,4.2
2014,New Hampshire,2,3,2.5,NA,3,4,NA,NA,NA,3,NA,NA,NA,NA,NA,NA,3.1
2014,New Jersey,3,5,5.5,NA,5,5,NA,NA,NA,5,NA,NA,NA,NA,NA,NA,5.1
2014,New Jersey,5,6,7,NA,7,6,NA,NA,NA,7,NA,NA,NA,NA,NA,NA,6.6
2014,New York,1,4,4,NA,5,4,NA,NA,NA,4,NA,NA,NA,NA,NA,NA,4.2
2014,New York,4,2,1,NA,1,2,NA,NA,NA,2,NA,NA,NA,NA,NA,NA,1.6
2014,New York,11,5,4,NA,5,4,NA,NA,NA,5,NA,NA,NA,NA,NA,NA,4.6
2014,New York,18,4,4,NA,3,3,NA,NA,NA,3,NA,NA,NA,NA,NA,NA,3.4
2014,New York,19,6,7,NA,6,6,NA,NA,NA,6,NA,NA,NA,NA,NA,NA,6.2
2014,New York,21,6,7,NA,6,5,NA,NA,NA,6,NA,NA,NA,NA,NA,NA,6
2014,New York,23,7,7,NA,6,6,NA,NA,NA,6,NA,NA,NA,NA,NA,NA,6.4
2014,New York,24,4,4,NA,3,4,NA,NA,NA,4,NA,NA,NA,NA,NA,NA,3.8
2014,North Carolina,7,6,7,NA,7,7,NA,NA,NA,7,NA,NA,NA,NA,NA,NA,6.8
2014,North Dakota,AL,6,7,NA,6,7,NA,NA,NA,6,NA,NA,NA,NA,NA,NA,6.4
2014,Ohio,6,7,7,NA,7,6,NA,NA,NA,7,NA,NA,NA,NA,NA,NA,6.8
2014,Ohio,14,7,7,NA,7,6,NA,NA,NA,7,NA,NA,NA,NA,NA,NA,6.8
2014,Pennsylvania,6,6,6.25,NA,7,6,NA,NA,NA,7,NA,NA,NA,NA,NA,NA,6.45
2014,Texas,23,3,2.5,NA,3,3,NA,NA,NA,3,NA,NA,NA,NA,NA,NA,2.9
2014,Utah,4,6,7,NA,6,7,NA,NA,NA,6,NA,NA,NA,NA,NA,NA,6.4
2014,Virginia,10,5,5.5,NA,5,4,NA,NA,NA,5,NA,NA,NA,NA,NA,NA,4.9
2014,Washington,1,2,1,NA,1,2,NA,NA,NA,1,NA,NA,NA,NA,NA,NA,1.4
2014,West Virginia,2,4,4,NA,5,4,NA,NA,NA,5,NA,NA,NA,NA,NA,NA,4.4
2014,West Virginia,3,4,4,NA,5,4,NA,NA,NA,4,NA,NA,NA,NA,NA,NA,4.2
2014,Wisconsin,6,6,7,NA,7,6,NA,NA,NA,6,NA,NA,NA,NA,NA,NA,6.4
2014,Wisconsin,7,7,7,NA,7,6,NA,NA,NA,7,NA,NA,NA,NA,NA,NA,6.8
2016,Alaska,AL,5,7,NA,5,6,NA,NA,NA,6,NA,NA,NA,NA,NA,NA,5.8
2016,Arizona,1,3,2.5,NA,3,4,NA,NA,NA,3,NA,NA,NA,NA,NA,NA,3.1
2016,Arizona,2,6,7,NA,6,5,NA,NA,NA,6,NA,NA,NA,NA,NA,NA,6
2016,California,7,3,2.5,NA,3,3,NA,NA,NA,3,NA,NA,NA,NA,NA,NA,2.9
2016,California,10,4,5.5,NA,3,5,NA,NA,NA,4,NA,NA,NA,NA,NA,NA,4.3
2016,California,21,5,6.25,NA,5,6,NA,NA,NA,5,NA,NA,NA,NA,NA,NA,5.45
2016,California,24,3,1.75,NA,3,3,NA,NA,NA,3,NA,NA,NA,NA,NA,NA,2.75
2016,California,25,4,6.25,NA,3,4,NA,NA,NA,4,NA,NA,NA,NA,NA,NA,4.25
2016,California,49,4,4.75,NA,3,4,NA,NA,NA,4,NA,NA,NA,NA,NA,NA,3.95
2016,California,52,1,1,NA,1,2,NA,NA,NA,1,NA,NA,NA,NA,NA,NA,1.2
2016,Colorado,3,6,7,NA,6,6,NA,NA,NA,5,NA,NA,NA,NA,NA,NA,6
2016,Colorado,6,4,4.75,NA,5,4,NA,NA,NA,4,NA,NA,NA,NA,NA,NA,4.35
2016,Florida,2,6,7,NA,7,6,NA,NA,NA,7,NA,NA,NA,NA,NA,NA,6.6
2016,Florida,7,4,3.25,NA,3,4,NA,NA,NA,4,NA,NA,NA,NA,NA,NA,3.65
2016,Florida,10,2,1,NA,1,2,NA,NA,NA,1,NA,NA,NA,NA,NA,NA,1.4
2016,Florida,13,3,2.5,NA,3,3,NA,NA,NA,3,NA,NA,NA,NA,NA,NA,2.9
2016,Florida,18,5,4,NA,5,4,NA,NA,NA,4,NA,NA,NA,NA,NA,NA,4.4
2016,Florida,26,4,4,NA,5,4,NA,NA,NA,4,NA,NA,NA,NA,NA,NA,4.2
2016,Florida,27,6,7,NA,7,6,NA,NA,NA,7,NA,NA,NA,NA,NA,NA,6.6
2016,Illinois,10,4,4,NA,3,4,NA,NA,NA,4,NA,NA,NA,NA,NA,NA,3.8
2016,Illinois,12,6,7,NA,6,6,NA,NA,NA,6,NA,NA,NA,NA,NA,NA,6.2
2016,Indiana,2,6,7,NA,6,6,NA,NA,NA,6,NA,NA,NA,NA,NA,NA,6.2
2016,Indiana,9,5,6.25,NA,5,6,NA,NA,NA,5,NA,NA,NA,NA,NA,NA,5.45
2016,Iowa,1,4,4,NA,5,4,NA,NA,NA,4,NA,NA,NA,NA,NA,NA,4.2
2016,Iowa,3,5,4.75,NA,5,5,NA,NA,NA,5,NA,NA,NA,NA,NA,NA,4.95
2016,Kansas,3,5,5.5,NA,5,5,NA,NA,NA,5,NA,NA,NA,NA,NA,NA,5.1
2016,Maine,2,4,4,NA,3,4,NA,NA,NA,4,NA,NA,NA,NA,NA,NA,3.8
2016,Maryland,6,2,1,NA,1,2,NA,NA,NA,1,NA,NA,NA,NA,NA,NA,1.4
2016,Michigan,1,5,4.75,NA,5,4,NA,NA,NA,4,NA,NA,NA,NA,NA,NA,4.55
2016,Michigan,6,7,7,NA,7,6,NA,NA,NA,7,NA,NA,NA,NA,NA,NA,6.8
2016,Michigan,7,6,6.25,NA,5,5,NA,NA,NA,5,NA,NA,NA,NA,NA,NA,5.45
2016,Michigan,8,5,7,NA,6,6,NA,NA,NA,6,NA,NA,NA,NA,NA,NA,6
2016,Minnesota,2,4,3.25,NA,3,3,NA,NA,NA,4,NA,NA,NA,NA,NA,NA,3.45
2016,Minnesota,3,5,6.25,NA,5,5,NA,NA,NA,5,NA,NA,NA,NA,NA,NA,5.25
2016,Minnesota,8,4,2.5,NA,3,4,NA,NA,NA,4,NA,NA,NA,NA,NA,NA,3.5
2016,Montana,AL,6,6.25,NA,6,6,NA,NA,NA,6,NA,NA,NA,NA,NA,NA,6.05
2016,Nebraska,2,4,3.25,NA,3,4,NA,NA,NA,4,NA,NA,NA,NA,NA,NA,3.65
2016,Nevada,3,4,4,NA,3,4,NA,NA,NA,3,NA,NA,NA,NA,NA,NA,3.6
2016,Nevada,4,3,3.25,NA,3,3,NA,NA,NA,3,NA,NA,NA,NA,NA,NA,3.05
2016,New Hampshire,1,3,3.25,NA,3,3,NA,NA,NA,3,NA,NA,NA,NA,NA,NA,3.05
2016,New Jersey,5,4,3.25,NA,3,4,NA,NA,NA,4,NA,NA,NA,NA,NA,NA,3.65
2016,New York,1,6,5.5,NA,5,4,NA,NA,NA,6,NA,NA,NA,NA,NA,NA,5.3
2016,New York,3,3,2.5,NA,2,3,NA,NA,NA,2,NA,NA,NA,NA,NA,NA,2.5
2016,New York,19,4,4,NA,5,4,NA,NA,NA,4,NA,NA,NA,NA,NA,NA,4.2
2016,New York,21,6,7,NA,6,6,NA,NA,NA,6,NA,NA,NA,NA,NA,NA,6.2
2016,New York,22,5,4,NA,5,4,NA,NA,NA,4,NA,NA,NA,NA,NA,NA,4.4
2016,New York,23,6,7,NA,6,5,NA,NA,NA,6,NA,NA,NA,NA,NA,NA,6
2016,New York,24,6,6.25,NA,5,4,NA,NA,NA,5,NA,NA,NA,NA,NA,NA,5.25
2016,New York,25,2,1,NA,1,2,NA,NA,NA,1,NA,NA,NA,NA,NA,NA,1.4
2016,Pennsylvania,6,6,7,NA,7,6,NA,NA,NA,7,NA,NA,NA,NA,NA,NA,6.6
2016,Pennsylvania,8,4,4,NA,5,4,NA,NA,NA,4,NA,NA,NA,NA,NA,NA,4.2
2016,Pennsylvania,16,5,7,NA,5,6,NA,NA,NA,6,NA,NA,NA,NA,NA,NA,5.8
2016,Texas,23,4,4,NA,3,4,NA,NA,NA,4,NA,NA,NA,NA,NA,NA,3.8
2016,Utah,4,5,6.25,NA,5,4,NA,NA,NA,6,NA,NA,NA,NA,NA,NA,5.25
2016,Virginia,4,2,1,NA,1,2,NA,NA,NA,1,NA,NA,NA,NA,NA,NA,1.4
2016,Virginia,5,6,6.25,NA,5,6,NA,NA,NA,6,NA,NA,NA,NA,NA,NA,5.85
2016,Virginia,10,4,4.75,NA,5,4,NA,NA,NA,4,NA,NA,NA,NA,NA,NA,4.35
2016,Wisconsin,8,6,6.25,NA,5,5,NA,NA,NA,5,NA,NA,NA,NA,NA,NA,5.45
2018,Alaska,AL,5,6.25,NA,5,4,NA,NA,NA,5,5,NA,NA,NA,NA,NA,5.041666667
2018,Arizona,1,3,2.5,NA,2,4,NA,NA,NA,2,2,NA,NA,NA,NA,NA,2.583333333
2018,Arizona,2,3,2.5,NA,2,3,NA,NA,NA,2,1,NA,NA,NA,NA,NA,2.25
2018,Arizona,6,6,7,NA,6,6,NA,NA,NA,7,6,NA,NA,NA,NA,NA,6.333333333
2018,Arizona,8,6,6.25,NA,6,6,NA,NA,NA,7,6,NA,NA,NA,NA,NA,6.208333333
2018,Arizona,9,1,1,NA,1,2,NA,NA,NA,1,1,NA,NA,NA,NA,NA,1.166666667
2018,Arkansas,2,6,6.25,NA,5,6,NA,NA,NA,6,6,NA,NA,NA,NA,NA,5.875
2018,California,1,6,7,NA,7,7,NA,NA,NA,7,6,NA,NA,NA,NA,NA,6.666666667
2018,California,4,6,6.25,NA,6,6,NA,NA,NA,6,6,NA,NA,NA,NA,NA,6.041666667
2018,California,7,2,1,NA,2,3,NA,NA,NA,1,1,NA,NA,NA,NA,NA,1.666666667
2018,California,10,4,4,NA,3,4,NA,NA,NA,4,2,NA,NA,NA,NA,NA,3.5
2018,California,16,2,1,NA,2,1,NA,NA,NA,1,1,NA,NA,NA,NA,NA,1.333333333
2018,California,21,6,6.25,NA,5,6,NA,NA,NA,6,6,NA,NA,NA,NA,NA,5.875
2018,California,22,6,7,NA,6,6,NA,NA,NA,6,7,NA,NA,NA,NA,NA,6.333333333
2018,California,24,1,1,NA,2,2,NA,NA,NA,1,1,NA,NA,NA,NA,NA,1.333333333
2018,California,25,4,4,NA,5,4,NA,NA,NA,4,3,NA,NA,NA,NA,NA,4
2018,California,39,4,4,NA,5,4,NA,NA,NA,4,4,NA,NA,NA,NA,NA,4.166666667
2018,California,45,4,4,NA,3,4,NA,NA,NA,4,3,NA,NA,NA,NA,NA,3.666666667
2018,California,48,4,3.25,NA,3,4,NA,NA,NA,4,4,NA,NA,NA,NA,NA,3.708333333
2018,California,49,2,2.5,NA,2,3,NA,NA,NA,2,1,NA,NA,NA,NA,NA,2.083333333
2018,California,50,5,5.5,NA,5,5,NA,NA,NA,5,6,NA,NA,NA,NA,NA,5.25
2018,Colorado,3,6,7,NA,5,6,NA,NA,NA,6,6,NA,NA,NA,NA,NA,6
2018,Colorado,6,3,3.25,NA,3,3,NA,NA,NA,3,2,NA,NA,NA,NA,NA,2.875
2018,Florida,6,5,5.5,NA,5,6,NA,NA,NA,5,5,NA,NA,NA,NA,NA,5.25
2018,Florida,7,2,1.75,NA,2,3,NA,NA,NA,2,2,NA,NA,NA,NA,NA,2.125
2018,Florida,13,1,1,NA,1,2,NA,NA,NA,1,1,NA,NA,NA,NA,NA,1.166666667
2018,Florida,15,4,4.75,NA,5,4,NA,NA,NA,5,4,NA,NA,NA,NA,NA,4.458333333
2018,Florida,16,5,6.25,NA,6,5,NA,NA,NA,6,6,NA,NA,NA,NA,NA,5.708333333
2018,Florida,18,5,6.25,NA,5,5,NA,NA,NA,5,6,NA,NA,NA,NA,NA,5.375
2018,Florida,25,5,7,NA,6,6,NA,NA,NA,6,5,NA,NA,NA,NA,NA,5.833333333
2018,Florida,26,4,4,NA,5,4,NA,NA,NA,4,4,NA,NA,NA,NA,NA,4.166666667
2018,Florida,27,3,2.5,NA,3,4,NA,NA,NA,3,2,NA,NA,NA,NA,NA,2.916666667
2018,Georgia,6,4,5.5,NA,5,4,NA,NA,NA,5,4,NA,NA,NA,NA,NA,4.583333333
2018,Georgia,7,5,5.5,NA,5,5,NA,NA,NA,5,6,NA,NA,NA,NA,NA,5.25
2018,Illinois,6,3,3.25,NA,3,4,NA,NA,NA,4,4,NA,NA,NA,NA,NA,3.541666667
2018,Illinois,12,5,4.75,NA,5,5,NA,NA,NA,5,5,NA,NA,NA,NA,NA,4.958333333
2018,Illinois,13,5,5.5,NA,5,5,NA,NA,NA,5,5,NA,NA,NA,NA,NA,5.083333333
2018,Illinois,14,4,4,NA,3,4,NA,NA,NA,4,3,NA,NA,NA,NA,NA,3.666666667
2018,Indiana,2,6,6.25,NA,6,6,NA,NA,NA,6,7,NA,NA,NA,NA,NA,6.208333333
2018,Indiana,9,7,7,NA,6,7,NA,NA,NA,6,6,NA,NA,NA,NA,NA,6.5
2018,Iowa,1,3,2.5,NA,3,3,NA,NA,NA,3,1,NA,NA,NA,NA,NA,2.583333333
2018,Iowa,2,1,1,NA,1,2,NA,NA,NA,1,1,NA,NA,NA,NA,NA,1.166666667
2018,Iowa,3,4,4,NA,3,4,NA,NA,NA,4,3,NA,NA,NA,NA,NA,3.666666667
2018,Iowa,4,5,6.25,NA,5,5,NA,NA,NA,6,6,NA,NA,NA,NA,NA,5.541666667
2018,Kansas,2,4,4,NA,3,4,NA,NA,NA,4,3,NA,NA,NA,NA,NA,3.666666667
2018,Kansas,3,3,2.5,NA,3,3,NA,NA,NA,3,2,NA,NA,NA,NA,NA,2.75
2018,Kentucky,6,4,4,NA,5,4,NA,NA,NA,4,4,NA,NA,NA,NA,NA,4.166666667
2018,Maine,2,4,4,NA,3,4,NA,NA,NA,4,3,NA,NA,NA,NA,NA,3.666666667
2018,Michigan,1,6,7,NA,6,7,NA,NA,NA,6,6,NA,NA,NA,NA,NA,6.333333333
2018,Michigan,2,7,7,NA,6,7,NA,NA,NA,7,6,NA,NA,NA,NA,NA,6.666666667
2018,Michigan,3,6,7,NA,6,7,NA,NA,NA,7,7,NA,NA,NA,NA,NA,6.666666667
2018,Michigan,6,5,6.25,NA,5,5,NA,NA,NA,5,6,NA,NA,NA,NA,NA,5.375
2018,Michigan,7,6,6.25,NA,6,5,NA,NA,NA,6,4,NA,NA,NA,NA,NA,5.541666667
2018,Michigan,8,4,3.25,NA,3,4,NA,NA,NA,4,3,NA,NA,NA,NA,NA,3.541666667
2018,Michigan,11,3,3.25,NA,3,4,NA,NA,NA,3,2,NA,NA,NA,NA,NA,3.041666667
2018,Minnesota,1,4,4,NA,3,4,NA,NA,NA,4,4,NA,NA,NA,NA,NA,3.833333333
2018,Minnesota,2,3,3.25,NA,3,3,NA,NA,NA,4,2,NA,NA,NA,NA,NA,3.041666667
2018,Minnesota,3,3,3.25,NA,3,3,NA,NA,NA,4,2,NA,NA,NA,NA,NA,3.041666667
2018,Minnesota,7,2,1,NA,2,4,NA,NA,NA,2,2,NA,NA,NA,NA,NA,2.166666667
2018,Minnesota,8,5,5.5,NA,5,5,NA,NA,NA,5,6,NA,NA,NA,NA,NA,5.25
2018,Missouri,2,5,7,NA,6,6,NA,NA,NA,6,6,NA,NA,NA,NA,NA,6
2018,Montana,AL,5,6.25,NA,5,4,NA,NA,NA,5,6,NA,NA,NA,NA,NA,5.208333333
2018,Nebraska,2,5,5.5,NA,5,5,NA,NA,NA,6,4,NA,NA,NA,NA,NA,5.083333333
2018,Nevada,3,3,3.25,NA,3,4,NA,NA,NA,3,2,NA,NA,NA,NA,NA,3.041666667
2018,Nevada,4,3,2.5,NA,2,4,NA,NA,NA,3,2,NA,NA,NA,NA,NA,2.75
2018,New Hampshire,1,2,2.5,NA,2,4,NA,NA,NA,3,2,NA,NA,NA,NA,NA,2.583333333
2018,New Hampshire,2,1,1,NA,1,2,NA,NA,NA,1,1,NA,NA,NA,NA,NA,1.166666667
2018,New Jersey,2,2,1.75,NA,1,2,NA,NA,NA,1,1,NA,NA,NA,NA,NA,1.458333333
2018,New Jersey,3,4,3.25,NA,3,4,NA,NA,NA,4,4,NA,NA,NA,NA,NA,3.708333333
2018,New Jersey,4,7,7,NA,7,7,NA,NA,NA,7,6,NA,NA,NA,NA,NA,6.833333333
2018,New Jersey,5,2,1,NA,2,2,NA,NA,NA,2,1,NA,NA,NA,NA,NA,1.666666667
2018,New Jersey,7,4,4,NA,3,3,NA,NA,NA,4,2,NA,NA,NA,NA,NA,3.333333333
2018,New Jersey,11,3,2.5,NA,3,3,NA,NA,NA,3,2,NA,NA,NA,NA,NA,2.75
2018,New Mexico,1,1,1,NA,1,2,NA,NA,NA,1,1,NA,NA,NA,NA,NA,1.166666667
2018,New Mexico,2,4,4,NA,3,4,NA,NA,NA,4,4,NA,NA,NA,NA,NA,3.833333333
2018,New York,1,6,7,NA,5,5,NA,NA,NA,6,6,NA,NA,NA,NA,NA,5.833333333
2018,New York,2,6,7,NA,6,6,NA,NA,NA,7,5,NA,NA,NA,NA,NA,6.166666667
2018,New York,3,1,1,NA,1,2,NA,NA,NA,1,1,NA,NA,NA,NA,NA,1.166666667
2018,New York,11,6,5.5,NA,5,5,NA,NA,NA,5,6,NA,NA,NA,NA,NA,5.416666667
2018,New York,18,1,1,NA,2,2,NA,NA,NA,1,1,NA,NA,NA,NA,NA,1.333333333
2018,New York,19,4,3.25,NA,3,4,NA,NA,NA,4,3,NA,NA,NA,NA,NA,3.541666667
2018,New York,21,6,7,NA,6,7,NA,NA,NA,6,6,NA,NA,NA,NA,NA,6.333333333
2018,New York,22,4,3.25,NA,3,4,NA,NA,NA,4,4,NA,NA,NA,NA,NA,3.708333333
2018,New York,23,6,7,NA,6,7,NA,NA,NA,6,6,NA,NA,NA,NA,NA,6.333333333
2018,New York,24,5,5.5,NA,5,6,NA,NA,NA,5,6,NA,NA,NA,NA,NA,5.416666667
2018,New York,27,5,5.5,NA,5,5,NA,NA,NA,5,6,NA,NA,NA,NA,NA,5.25
2018,North Carolina,2,5,5.5,NA,5,5,NA,NA,NA,5,6,NA,NA,NA,NA,NA,5.25
2018,North Carolina,6,7,7,NA,7,7,NA,NA,NA,7,6,NA,NA,NA,NA,NA,6.833333333
2018,North Carolina,7,7,7,NA,7,7,NA,NA,NA,7,6,NA,NA,NA,NA,NA,6.833333333
2018,North Carolina,8,6,7,NA,6,6,NA,NA,NA,7,6,NA,NA,NA,NA,NA,6.333333333
2018,North Carolina,9,4,4,NA,3,4,NA,NA,NA,4,4,NA,NA,NA,NA,NA,3.833333333
2018,North Carolina,13,4,4.75,NA,5,5,NA,NA,NA,5,5,NA,NA,NA,NA,NA,4.791666667
2018,Ohio,1,5,4.75,NA,5,5,NA,NA,NA,5,6,NA,NA,NA,NA,NA,5.125
2018,Ohio,7,7,7,NA,6,7,NA,NA,NA,6,7,NA,NA,NA,NA,NA,6.666666667
2018,Ohio,10,6,7,NA,6,6,NA,NA,NA,6,6,NA,NA,NA,NA,NA,6.166666667
2018,Ohio,12,4,4,NA,5,5,NA,NA,NA,5,5,NA,NA,NA,NA,NA,4.666666667
2018,Ohio,14,6,6.25,NA,5,6,NA,NA,NA,6,6,NA,NA,NA,NA,NA,5.875
2018,Ohio,15,7,7,NA,6,7,NA,NA,NA,7,7,NA,NA,NA,NA,NA,6.833333333
2018,Ohio,16,7,7,NA,7,7,NA,NA,NA,7,6,NA,NA,NA,NA,NA,6.833333333
2018,Oklahoma,5,6,7,NA,6,6,NA,NA,NA,6,6,NA,NA,NA,NA,NA,6.166666667
2018,Oregon,5,1,1,NA,1,3,NA,NA,NA,1,2,NA,NA,NA,NA,NA,1.5
2018,Pennsylvania,1,4,4,NA,5,4,NA,NA,NA,4,4,NA,NA,NA,NA,NA,4.166666667
2018,Pennsylvania,5,2,1.75,NA,1,2,NA,NA,NA,1,1,NA,NA,NA,NA,NA,1.458333333
2018,Pennsylvania,6,2,1.75,NA,1,2,NA,NA,NA,1,1,NA,NA,NA,NA,NA,1.458333333
2018,Pennsylvania,7,3,2.5,NA,3,3,NA,NA,NA,3,1,NA,NA,NA,NA,NA,2.583333333
2018,Pennsylvania,8,2,2.5,NA,2,2,NA,NA,NA,2,1,NA,NA,NA,NA,NA,1.916666667
2018,Pennsylvania,10,4,5.5,NA,5,4,NA,NA,NA,5,5,NA,NA,NA,NA,NA,4.75
2018,Pennsylvania,11,7,7,NA,7,7,NA,NA,NA,7,6,NA,NA,NA,NA,NA,6.833333333
2018,Pennsylvania,14,6,6.25,NA,7,6,NA,NA,NA,7,7,NA,NA,NA,NA,NA,6.541666667
2018,Pennsylvania,16,5,6.25,NA,5,4,NA,NA,NA,5,6,NA,NA,NA,NA,NA,5.208333333
2018,Pennsylvania,17,2,2.5,NA,2,2,NA,NA,NA,2,1,NA,NA,NA,NA,NA,1.916666667
2018,South Carolina,1,5,6.25,NA,5,5,NA,NA,NA,5,6,NA,NA,NA,NA,NA,5.375
2018,Texas,2,6,7,NA,6,7,NA,NA,NA,6,6,NA,NA,NA,NA,NA,6.333333333
2018,Texas,6,6,7,NA,6,7,NA,NA,NA,7,6,NA,NA,NA,NA,NA,6.5
2018,Texas,7,4,4.75,NA,5,4,NA,NA,NA,4,4,NA,NA,NA,NA,NA,4.291666667
2018,Texas,10,6,7,NA,7,7,NA,NA,NA,7,6,NA,NA,NA,NA,NA,6.666666667
2018,Texas,21,6,6.25,NA,6,6,NA,NA,NA,6,6,NA,NA,NA,NA,NA,6.041666667
2018,Texas,22,5,7,NA,6,6,NA,NA,NA,7,6,NA,NA,NA,NA,NA,6.166666667
2018,Texas,23,5,5.5,NA,5,5,NA,NA,NA,5,6,NA,NA,NA,NA,NA,5.25
2018,Texas,24,6,7,NA,7,7,NA,NA,NA,7,7,NA,NA,NA,NA,NA,6.833333333
2018,Texas,25,7,7,NA,7,7,NA,NA,NA,7,6,NA,NA,NA,NA,NA,6.833333333
2018,Texas,31,6,6.25,NA,6,7,NA,NA,NA,6,6,NA,NA,NA,NA,NA,6.208333333
2018,Texas,32,4,4,NA,3,4,NA,NA,NA,4,5,NA,NA,NA,NA,NA,4
2018,Utah,4,4,4,NA,3,4,NA,NA,NA,4,3,NA,NA,NA,NA,NA,3.666666667
2018,Virginia,2,4,4.75,NA,3,5,NA,NA,NA,4,5,NA,NA,NA,NA,NA,4.291666667
2018,Virginia,5,5,6.25,NA,5,4,NA,NA,NA,5,4,NA,NA,NA,NA,NA,4.875
2018,Virginia,7,4,4,NA,3,4,NA,NA,NA,4,4,NA,NA,NA,NA,NA,3.833333333
2018,Virginia,10,3,3.25,NA,3,3,NA,NA,NA,3,2,NA,NA,NA,NA,NA,2.875
2018,Washington,3,5,6.25,NA,5,5,NA,NA,NA,5,5,NA,NA,NA,NA,NA,5.208333333
2018,Washington,5,5,6.25,NA,5,5,NA,NA,NA,5,6,NA,NA,NA,NA,NA,5.375
2018,Washington,8,3,4,NA,3,4,NA,NA,NA,4,3,NA,NA,NA,NA,NA,3.5
2018,West Virginia,2,6,7,NA,7,7,NA,NA,NA,7,6,NA,NA,NA,NA,NA,6.666666667
2018,West Virginia,3,5,5.5,NA,5,5,NA,NA,NA,5,6,NA,NA,NA,NA,NA,5.25
2018,Wisconsin,1,5,5.5,NA,5,5,NA,NA,NA,5,6,NA,NA,NA,NA,NA,5.25
2018,Wisconsin,3,1,1,NA,1,2,NA,NA,NA,1,1,NA,NA,NA,NA,NA,1.166666667
2018,Wisconsin,6,6,7,NA,6,7,NA,NA,NA,6,7,NA,NA,NA,NA,NA,6.5
2020,Alaska,AL,5,6.25,NA,5,6,NA,NA,NA,5,6,5,5,NA,NA,NA,5.40625
2020,Arizona,1,3,1.75,NA,2,3,NA,NA,NA,3,2,2,2,NA,NA,NA,2.34375
2020,Arizona,2,1,1,NA,1,2,NA,NA,NA,1,1,1,1,NA,NA,NA,1.125
2020,Arizona,6,4,4,NA,3,5,NA,NA,NA,4,4,4,5,NA,NA,NA,4.125
2020,Arkansas,2,4,4,NA,5,5,NA,NA,NA,4,5,4,5,NA,NA,NA,4.5
2020,California,1,7,7,NA,6,6,NA,NA,NA,7,7,6,6,NA,NA,NA,6.5
2020,California,4,6,7,NA,6,6,NA,NA,NA,6,7,6,6,NA,NA,NA,6.25
2020,California,7,1,1,NA,1,2,NA,NA,NA,1,1,1,1,NA,NA,NA,1.125
2020,California,8,7,7,NA,7,6,NA,NA,NA,7,7,6,7,NA,NA,NA,6.75
2020,California,10,2,1,NA,1,3,NA,NA,NA,1,2,2,1,NA,NA,NA,1.625
2020,California,21,4,4,NA,3,4,NA,NA,NA,4,4,3,3,NA,NA,NA,3.625
2020,California,22,6,7,NA,7,6,NA,NA,NA,7,7,6,7,NA,NA,NA,6.625
2020,California,25,4,4,NA,5,4,NA,NA,NA,4,4,3,5,NA,NA,NA,4.125
2020,California,39,2,1.75,NA,3,4,NA,NA,NA,3,3,4,3,NA,NA,NA,2.96875
2020,California,42,7,7,NA,7,7,NA,NA,NA,7,6,7,7,NA,NA,NA,6.875
2020,California,45,1,1,NA,1,2,NA,NA,NA,1,2,1,1,NA,NA,NA,1.25
2020,California,48,3,2.5,NA,3,3,NA,NA,NA,3,3,3,3,NA,NA,NA,2.9375
2020,California,50,5,6.25,NA,6,6,NA,NA,NA,6,6,6,5,NA,NA,NA,5.78125
2020,Colorado,3,5,4.75,NA,5,4,NA,NA,NA,5,5,4,5,NA,NA,NA,4.71875
2020,Colorado,6,1,1,NA,1,1,NA,NA,NA,1,1,2,1,NA,NA,NA,1.125
2020,Florida,7,1,1,NA,1,2,NA,NA,NA,1,1,2,1,NA,NA,NA,1.25
2020,Florida,13,1,1,NA,1,2,NA,NA,NA,1,1,2,1,NA,NA,NA,1.25
2020,Florida,15,5,5.5,NA,5,4,NA,NA,NA,6,6,5,5,NA,NA,NA,5.1875
2020,Florida,16,6,6.25,NA,6,5,NA,NA,NA,6,6,6,6,NA,NA,NA,5.90625
2020,Florida,18,6,6.25,NA,6,7,NA,NA,NA,6,6,6,7,NA,NA,NA,6.28125
2020,Florida,26,3,3.25,NA,3,4,NA,NA,NA,4,2,2,3,NA,NA,NA,3.03125
2020,Florida,27,2,1,NA,2,2,NA,NA,NA,3,2,2,1,NA,NA,NA,1.875
2020,Georgia,6,2,1.75,NA,2,4,NA,NA,NA,3,3,3,3,NA,NA,NA,2.71875
2020,Georgia,7,3,3.25,NA,3,4,NA,NA,NA,3,4,4,3,NA,NA,NA,3.40625
2020,Illinois,6,1,1,NA,1,2,NA,NA,NA,1,2,3,1,NA,NA,NA,1.5
2020,Illinois,13,4,4,NA,5,4,NA,NA,NA,4,5,4,5,NA,NA,NA,4.375
2020,Illinois,14,2,1,NA,2,3,NA,NA,NA,2,2,2,2,NA,NA,NA,2
2020,Illinois,17,3,1,NA,2,2,NA,NA,NA,2,1,2,2,NA,NA,NA,1.875
2020,Indiana,5,4,3.25,NA,3,4,NA,NA,NA,4,4,4,3,NA,NA,NA,3.65625
2020,Iowa,1,4,2.5,NA,3,4,NA,NA,NA,3,2,3,3,NA,NA,NA,3.0625
2020,Iowa,2,4,2.5,NA,3,4,NA,NA,NA,3,2,2,3,NA,NA,NA,2.9375
2020,Iowa,3,3,2.5,NA,3,4,NA,NA,NA,3,2,2,3,NA,NA,NA,2.8125
2020,Iowa,4,7,7,NA,7,5,NA,NA,NA,7,7,6,7,NA,NA,NA,6.625
2020,Kansas,2,6,7,NA,6,5,NA,NA,NA,6,6,6,6,NA,NA,NA,6
2020,Kansas,3,1,1,NA,1,2,NA,NA,NA,1,1,2,1,NA,NA,NA,1.25
2020,Kentucky,6,6,7,NA,6,5,NA,NA,NA,6,6,6,6,NA,NA,NA,6
2020,Maine,2,2,1,NA,2,3,NA,NA,NA,2,1,2,2,NA,NA,NA,1.875
2020,Michigan,3,4,4,NA,5,4,NA,NA,NA,4,4,4,5,NA,NA,NA,4.25
2020,Michigan,6,5,6.25,NA,5,5,NA,NA,NA,6,5,5,5,NA,NA,NA,5.28125
2020,Michigan,7,7,7,NA,7,7,NA,NA,NA,7,6,7,7,NA,NA,NA,6.875
2020,Michigan,8,3,1,NA,2,4,NA,NA,NA,2,2,2,2,NA,NA,NA,2.25
2020,Michigan,11,3,1,NA,2,4,NA,NA,NA,2,2,2,2,NA,NA,NA,2.25
2020,Minnesota,1,4,3.25,NA,3,5,NA,NA,NA,4,5,4,5,NA,NA,NA,4.15625
2020,Minnesota,2,2,1,NA,2,3,NA,NA,NA,2,2,2,2,NA,NA,NA,2
2020,Minnesota,3,1,1,NA,1,1,NA,NA,NA,1,1,3,1,NA,NA,NA,1.25
2020,Minnesota,5,1,1,NA,1,1,NA,NA,NA,1,1,2,1,NA,NA,NA,1.125
2020,Minnesota,7,4,4,NA,5,4,NA,NA,NA,5,6,5,5,NA,NA,NA,4.75
2020,Minnesota,8,7,7,NA,7,6,NA,NA,NA,7,7,7,7,NA,NA,NA,6.875
2020,Missouri,2,4,3.25,NA,5,4,NA,NA,NA,4,5,5,3,NA,NA,NA,4.15625
2020,Montana,AL,5,5.5,NA,5,4,NA,NA,NA,5,6,5,5,NA,NA,NA,5.0625
2020,Nebraska,2,4,3.25,NA,5,4,NA,NA,NA,4,5,4,5,NA,NA,NA,4.28125
2020,Nevada,3,3,1.75,NA,3,4,NA,NA,NA,3,2,3,2,NA,NA,NA,2.71875
2020,Nevada,4,2,1,NA,2,2,NA,NA,NA,2,3,2,2,NA,NA,NA,2
2020,New Hampshire,1,2,1.75,NA,2,4,NA,NA,NA,2,2,3,2,NA,NA,NA,2.34375
2020,New Hampshire,2,1,1,NA,2,3,NA,NA,NA,1,1,2,2,NA,NA,NA,1.625
2020,New Jersey,2,4,3.25,NA,3,4,NA,NA,NA,4,4,4,3,NA,NA,NA,3.65625
2020,New Jersey,3,2,1,NA,2,4,NA,NA,NA,3,2,2,2,NA,NA,NA,2.25
2020,New Jersey,5,1,1,NA,1,2,NA,NA,NA,1,1,1,1,NA,NA,NA,1.125
2020,New Jersey,7,3,1.75,NA,3,3,NA,NA,NA,3,2,3,3,NA,NA,NA,2.71875
2020,New Jersey,11,1,1,NA,1,2,NA,NA,NA,1,1,2,1,NA,NA,NA,1.25
2020,New Mexico,2,4,4,NA,3,4,NA,NA,NA,4,4,4,3,NA,NA,NA,3.75
2020,New York,1,5,5.5,NA,5,5,NA,NA,NA,5,6,5,5,NA,NA,NA,5.1875
2020,New York,2,4,4,NA,5,4,NA,NA,NA,4,4,2,3,NA,NA,NA,3.75
2020,New York,11,4,4,NA,3,4,NA,NA,NA,4,4,3,5,NA,NA,NA,3.875
2020,New York,18,1,1,NA,2,2,NA,NA,NA,1,1,2,1,NA,NA,NA,1.375
2020,New York,19,2,1,NA,2,2,NA,NA,NA,1,2,1,1,NA,NA,NA,1.5
2020,New York,21,7,7,NA,7,7,NA,NA,NA,7,7,6,7,NA,NA,NA,6.875
2020,New York,22,4,3.25,NA,3,4,NA,NA,NA,4,3,3,3,NA,NA,NA,3.40625
2020,New York,24,4,4.75,NA,5,4,NA,NA,NA,4,5,4,3,NA,NA,NA,4.21875
2020,New York,27,7,7,NA,6,6,NA,NA,NA,7,7,7,7,NA,NA,NA,6.75
2020,North Carolina,1,1,1,NA,1,1,NA,NA,NA,1,2,3,1,NA,NA,NA,1.375
2020,North Carolina,2,2,1.75,NA,1,1,NA,NA,NA,1,1,1,1,NA,NA,NA,1.21875
2020,North Carolina,6,2,1.75,NA,1,1,NA,NA,NA,1,1,1,1,NA,NA,NA,1.21875
2020,North Carolina,8,5,4.75,NA,5,6,NA,NA,NA,5,5,5,5,NA,NA,NA,5.09375
2020,North Carolina,9,5,7,NA,6,6,NA,NA,NA,6,6,6,6,NA,NA,NA,6
2020,North Carolina,11,5,5.5,NA,5,6,NA,NA,NA,6,5,4,6,NA,NA,NA,5.3125
2020,Ohio,1,4,3.25,NA,3,6,NA,NA,NA,4,4,5,5,NA,NA,NA,4.28125
2020,Ohio,10,6,6.25,NA,6,6,NA,NA,NA,6,6,5,7,NA,NA,NA,6.03125
2020,Ohio,12,6,7,NA,6,5,NA,NA,NA,6,6,7,6,NA,NA,NA,6.125
2020,Ohio,13,1,1,NA,1,1,NA,NA,NA,1,1,2,1,NA,NA,NA,1.125
2020,Oklahoma,5,4,4,NA,3,4,NA,NA,NA,4,4,4,5,NA,NA,NA,4
2020,Oregon,4,3,1.75,NA,3,4,NA,NA,NA,2,2,4,3,NA,NA,NA,2.84375
2020,Pennsylvania,1,5,5.5,NA,5,4,NA,NA,NA,4,6,5,5,NA,NA,NA,4.9375
2020,Pennsylvania,7,2,1,NA,2,2,NA,NA,NA,1,1,2,2,NA,NA,NA,1.625
2020,Pennsylvania,8,3,1,NA,2,4,NA,NA,NA,2,2,2,2,NA,NA,NA,2.25
2020,Pennsylvania,10,4,4,NA,3,4,NA,NA,NA,4,4,4,3,NA,NA,NA,3.75
2020,Pennsylvania,16,6,7,NA,7,7,NA,NA,NA,7,7,7,6,NA,NA,NA,6.75
2020,Pennsylvania,17,2,1,NA,2,4,NA,NA,NA,2,2,4,3,NA,NA,NA,2.5
2020,South Carolina,1,3,2.5,NA,3,4,NA,NA,NA,3,3,4,3,NA,NA,NA,3.1875
2020,South Carolina,2,7,7,NA,6,7,NA,NA,NA,6,7,6,5,NA,NA,NA,6.375
2020,Texas,1,7,7,NA,7,7,NA,NA,NA,7,7,6,7,NA,NA,NA,6.875
2020,Texas,2,6,7,NA,6,7,NA,NA,NA,6,7,7,6,NA,NA,NA,6.5
2020,Texas,3,5,5.5,NA,6,7,NA,NA,NA,6,6,5,6,NA,NA,NA,5.8125
2020,Texas,6,6,6.25,NA,6,7,NA,NA,NA,6,6,6,6,NA,NA,NA,6.15625
2020,Texas,7,2,1.75,NA,2,3,NA,NA,NA,2,2,4,2,NA,NA,NA,2.34375
2020,Texas,10,4,5.5,NA,5,4,NA,NA,NA,5,6,5,5,NA,NA,NA,4.9375
2020,Texas,21,4,4,NA,5,4,NA,NA,NA,4,5,5,5,NA,NA,NA,4.5
2020,Texas,22,4,4,NA,5,4,NA,NA,NA,4,5,3,5,NA,NA,NA,4.25
2020,Texas,23,3,3.25,NA,3,4,NA,NA,NA,3,3,3,2,NA,NA,NA,3.03125
2020,Texas,24,3,3.25,NA,3,4,NA,NA,NA,4,4,4,3,NA,NA,NA,3.53125
2020,Texas,25,6,6.25,NA,6,6,NA,NA,NA,6,6,6,6,NA,NA,NA,6.03125
2020,Texas,27,7,7,NA,7,7,NA,NA,NA,7,7,6,7,NA,NA,NA,6.875
2020,Texas,31,5,7,NA,6,6,NA,NA,NA,6,6,7,6,NA,NA,NA,6.125
2020,Texas,32,2,1,NA,2,3,NA,NA,NA,2,2,3,2,NA,NA,NA,2.125
2020,Utah,4,4,3.25,NA,3,4,NA,NA,NA,4,4,4,3,NA,NA,NA,3.65625
2020,Virginia,1,7,7,NA,7,7,NA,NA,NA,7,6,7,7,NA,NA,NA,6.875
2020,Virginia,2,3,1.75,NA,3,4,NA,NA,NA,3,2,2,3,NA,NA,NA,2.71875
2020,Virginia,5,4,4,NA,5,5,NA,NA,NA,5,4,3,3,NA,NA,NA,4.125
2020,Virginia,7,3,3.25,NA,3,4,NA,NA,NA,4,2,4,3,NA,NA,NA,3.28125
2020,Virginia,10,1,1,NA,1,1,NA,NA,NA,1,1,2,1,NA,NA,NA,1.125
2020,Washington,3,5,5.5,NA,5,5,NA,NA,NA,5,6,5,6,NA,NA,NA,5.3125
2020,Washington,8,2,1,NA,3,3,NA,NA,NA,1,1,2,2,NA,NA,NA,1.875
2020,Wisconsin,3,3,1,NA,2,3,NA,NA,NA,2,2,2,2,NA,NA,NA,2.125
2022,Alaska,AL,4,4.75,NA,4,4,NA,NA,NA,NA,4,3,NA,5,4,2,3.861111111
2022,Arizona,1,4,5.5,NA,5,5,NA,NA,NA,NA,6,6,NA,4,5,5,5.055555556
2022,Arizona,2,5,5.5,NA,5,6,NA,NA,NA,NA,4,4,NA,5,5,5,4.944444444
2022,Arizona,4,2,1.75,NA,3,4,NA,NA,NA,NA,2,2,NA,3,4,2,2.638888889
2022,Arizona,6,5,4.75,NA,5,5,NA,NA,NA,NA,6,6,NA,5,5,5,5.194444444
2022,California,3,6,6.25,NA,6,6,NA,NA,NA,NA,6,6,NA,5,6,6,5.916666667
2022,California,6,1,1,NA,1,2,NA,NA,NA,NA,1,1,NA,1,2,2,1.333333333
2022,California,9,3,1.75,NA,3,3,NA,NA,NA,NA,2,2,NA,3,3,2,2.527777778
2022,California,13,4,2.5,NA,4,4,NA,NA,NA,NA,2,3,NA,3,4,3,3.277777778
2022,California,21,1,1,NA,2,1,NA,NA,NA,NA,1,1,NA,1,2,1,1.222222222
2022,California,22,4,4,NA,4,4,NA,NA,NA,NA,4,6,NA,4,4,4,4.222222222
2022,California,23,7,7,NA,7,7,NA,NA,NA,NA,7,7,NA,6,7,7,6.888888889
2022,California,25,1,1,NA,2,2,NA,NA,NA,NA,1,1,NA,2,2,2,1.555555556
2022,California,26,1,1,NA,2,3,NA,NA,NA,NA,1,2,NA,1,2,2,1.666666667
2022,California,27,4,4,NA,4,4,NA,NA,NA,NA,4,5,NA,4,4,4,4.111111111
2022,California,40,6,6.25,NA,6,5,NA,NA,NA,NA,7,6,NA,6,7,6,6.138888889
2022,California,41,5,7,NA,6,5,NA,NA,NA,NA,6,6,NA,6,6,6,5.888888889
2022,California,45,5,5.5,NA,5,5,NA,NA,NA,NA,5,5,NA,4,5,4,4.833333333
2022,California,47,3,2.5,NA,3,4,NA,NA,NA,NA,2,1,NA,3,3,2,2.611111111
2022,California,49,3,1.75,NA,3,4,NA,NA,NA,NA,2,2,NA,3,3,3,2.75
2022,Colorado,3,7,7,NA,6,6,NA,NA,NA,NA,7,7,NA,6,6,7,6.555555556
2022,Colorado,5,7,7,NA,7,7,NA,NA,NA,NA,7,7,NA,6,7,7,6.888888889
2022,Colorado,7,2,1.75,NA,3,3,NA,NA,NA,NA,2,3,NA,2,3,2,2.416666667
2022,Colorado,8,4,4,NA,5,5,NA,NA,NA,NA,5,4,NA,4,4,4,4.333333333
2022,Connecticut,1,1,1,NA,1,1,NA,NA,NA,NA,1,1,NA,1,2,1,1.111111111
2022,Connecticut,2,2,1,NA,2,3,NA,NA,NA,NA,2,2,NA,2,3,3,2.222222222
2022,Connecticut,3,1,1,NA,1,2,NA,NA,NA,NA,1,1,NA,1,2,1,1.222222222
2022,Connecticut,4,1,1,NA,1,1,NA,NA,NA,NA,1,1,NA,1,2,1,1.111111111
2022,Connecticut,5,3,1.75,NA,3,3,NA,NA,NA,NA,2,2,NA,3,3,3,2.638888889
2022,Florida,2,7,7,NA,7,7,NA,NA,NA,NA,7,7,NA,6,7,7,6.888888889
2022,Florida,4,7,7,NA,7,7,NA,NA,NA,NA,7,7,NA,6,7,7,6.888888889
2022,Florida,7,6,6.25,NA,7,6,NA,NA,NA,NA,7,7,NA,5,7,7,6.472222222
2022,Florida,9,1,1,NA,1,2,NA,NA,NA,NA,1,1,NA,1,2,1,1.222222222
2022,Florida,13,6,6.25,NA,6,6,NA,NA,NA,NA,7,7,NA,6,6,6,6.25
2022,Florida,14,1,1,NA,1,1,NA,NA,NA,NA,1,1,NA,1,2,1,1.111111111
2022,Florida,15,6,6.25,NA,6,6,NA,NA,NA,NA,6,5,NA,5,6,6,5.805555556
2022,Florida,16,7,7,NA,7,7,NA,NA,NA,NA,7,7,NA,6,7,7,6.888888889
2022,Florida,22,1,1,NA,1,2,NA,NA,NA,NA,1,1,NA,1,2,1,1.222222222
2022,Florida,23,1,1,NA,1,3,NA,NA,NA,NA,2,1,NA,2,2,1,1.555555556
2022,Florida,27,6,6.25,NA,6,6,NA,NA,NA,NA,6,7,NA,6,6,4,5.916666667
2022,Florida,28,7,7,NA,7,6,NA,NA,NA,NA,7,7,NA,6,7,5,6.555555556
2022,Georgia,2,2,1.75,NA,2,3,NA,NA,NA,NA,1,2,NA,2,3,2,2.083333333
2022,Georgia,6,7,6.25,NA,7,7,NA,NA,NA,NA,7,7,NA,7,7,7,6.916666667
2022,Georgia,12,7,7,NA,7,7,NA,NA,NA,NA,7,7,NA,6,7,7,6.888888889
2022,Illinois,6,3,1.75,NA,2,4,NA,NA,NA,NA,2,2,NA,3,3,2,2.527777778
2022,Illinois,8,1,1,NA,1,2,NA,NA,NA,NA,1,1,NA,2,1,1,1.222222222
2022,Illinois,11,2,1,NA,2,2,NA,NA,NA,NA,1,2,NA,2,2,2,1.777777778
2022,Illinois,13,3,2.5,NA,3,4,NA,NA,NA,NA,2,4,NA,3,3,2,2.944444444
2022,Illinois,14,2,1.75,NA,3,3,NA,NA,NA,NA,2,1,NA,2,3,2,2.194444444
2022,Illinois,17,4,4,NA,4,5,NA,NA,NA,NA,3,5,NA,4,4,4,4.111111111
2022,Indiana,1,4,2.5,NA,4,4,NA,NA,NA,NA,2,2,NA,3,4,3,3.166666667
2022,Iowa,1,6,5.5,NA,6,5,NA,NA,NA,NA,6,7,NA,5,6,5,5.722222222
2022,Iowa,2,6,5.5,NA,6,6,NA,NA,NA,NA,6,7,NA,5,6,5,5.833333333
2022,Iowa,3,5,4,NA,5,5,NA,NA,NA,NA,4,4,NA,4,5,4,4.444444444
2022,Kansas,3,4,3.25,NA,4,5,NA,NA,NA,NA,4,3,NA,4,4,4,3.916666667
2022,Maine,2,4,4,NA,4,4,NA,NA,NA,NA,3,5,NA,4,5,6,4.333333333
2022,Maryland,1,7,7,NA,7,7,NA,NA,NA,NA,7,7,NA,6,7,7,6.888888889
2022,Maryland,2,1,1,NA,1,2,NA,NA,NA,NA,1,1,NA,1,1,2,1.222222222
2022,Maryland,6,2,1.75,NA,3,3,NA,NA,NA,NA,3,2,NA,3,3,4,2.75
2022,Massachusetts,9,1,1,NA,1,1,NA,NA,NA,NA,1,2,NA,2,2,2,1.444444444
2022,Michigan,3,3,3.25,NA,3,4,NA,NA,NA,NA,3,4,NA,3,4,3,3.361111111
2022,Michigan,4,7,7,NA,7,7,NA,NA,NA,NA,7,7,NA,6,7,7,6.888888889
2022,Michigan,7,4,3.25,NA,4,4,NA,NA,NA,NA,2,2,NA,4,4,4,3.472222222
2022,Michigan,8,4,3.25,NA,4,4,NA,NA,NA,NA,2,3,NA,4,4,3,3.472222222
2022,Michigan,10,6,5.5,NA,5,6,NA,NA,NA,NA,5,6,NA,5,6,6,5.611111111
2022,Michigan,11,1,1,NA,1,2,NA,NA,NA,NA,1,1,NA,2,1,1,1.222222222
2022,Minnesota,1,6,7,NA,6,6,NA,NA,NA,NA,7,7,NA,6,7,7,6.555555556
2022,Minnesota,2,4,4,NA,4,4,NA,NA,NA,NA,2,3,NA,4,4,3,3.555555556
2022,Minnesota,3,1,1,NA,1,2,NA,NA,NA,NA,1,1,NA,1,1,1,1.111111111
2022,Minnesota,8,7,7,NA,7,7,NA,NA,NA,NA,7,7,NA,6,7,7,6.888888889
2022,Missouri,2,7,7,NA,7,6,NA,NA,NA,NA,7,7,NA,6,7,7,6.777777778
2022,Montana,1,6,6.25,NA,6,6,NA,NA,NA,NA,7,7,NA,6,6,7,6.361111111
2022,Nebraska,1,7,7,NA,7,7,NA,NA,NA,NA,7,7,NA,6,7,6,6.777777778
2022,Nebraska,2,4,4,NA,5,5,NA,NA,NA,NA,6,6,NA,5,6,4,5
2022,Nevada,1,4,3.25,NA,3,4,NA,NA,NA,NA,2,2,NA,3,4,2,3.027777778
2022,Nevada,2,7,7,NA,7,7,NA,NA,NA,NA,7,7,NA,6,7,7,6.888888889
2022,Nevada,3,4,3.25,NA,4,4,NA,NA,NA,NA,2,2,NA,4,4,3,3.361111111
2022,Nevada,4,4,2.5,NA,3,4,NA,NA,NA,NA,2,2,NA,3,4,2,2.944444444
2022,New Hampshire,1,4,3.25,NA,3,4,NA,NA,NA,NA,2,3,NA,4,4,3,3.361111111
2022,New Hampshire,2,3,1.75,NA,3,4,NA,NA,NA,NA,2,2,NA,4,3,3,2.861111111
2022,New Jersey,1,1,1,NA,1,2,NA,NA,NA,NA,1,1,NA,1,1,1,1.111111111
2022,New Jersey,2,7,7,NA,7,7,NA,NA,NA,NA,7,7,NA,6,7,7,6.888888889
2022,New Jersey,3,2,1,NA,2,3,NA,NA,NA,NA,2,1,NA,2,2,2,1.888888889
2022,New Jersey,5,2,1,NA,2,3,NA,NA,NA,NA,1,1,NA,2,2,1,1.666666667
2022,New Jersey,7,5,4,NA,5,5,NA,NA,NA,NA,5,3,NA,5,5,4,4.555555556
2022,New Jersey,11,1,1,NA,2,3,NA,NA,NA,NA,1,1,NA,2,2,1,1.555555556
2022,New Mexico,1,1,1,NA,2,2,NA,NA,NA,NA,1,2,NA,2,2,2,1.666666667
2022,New Mexico,2,4,4,NA,4,5,NA,NA,NA,NA,4,6,NA,4,4,4,4.333333333
2022,New Mexico,3,2,1,NA,2,3,NA,NA,NA,NA,1,2,NA,3,2,2,2
2022,New York,1,5,4.75,NA,5,7,NA,NA,NA,NA,5,6,NA,5,5,5,5.305555556
2022,New York,2,6,5.5,NA,6,7,NA,NA,NA,NA,7,6,NA,6,7,6,6.277777778
2022,New York,3,3,2.5,NA,4,4,NA,NA,NA,NA,3,3,NA,3,4,3,3.277777778
2022,New York,4,2,1.75,NA,2,4,NA,NA,NA,NA,2,2,NA,2,1,2,2.083333333
2022,New York,11,6,6.25,NA,6,7,NA,NA,NA,NA,6,6,NA,6,6,6,6.138888889
2022,New York,17,3,1.75,NA,3,4,NA,NA,NA,NA,2,1,NA,3,3,2,2.527777778
2022,New York,18,3,2.5,NA,3,4,NA,NA,NA,NA,3,4,NA,3,4,4,3.388888889
2022,New York,19,4,3.25,NA,4,4,NA,NA,NA,NA,4,5,NA,4,4,5,4.138888889
2022,New York,20,1,1,NA,1,2,NA,NA,NA,NA,1,1,NA,1,1,2,1.222222222
2022,New York,22,4,3.25,NA,4,4,NA,NA,NA,NA,4,4,NA,4,4,3,3.805555556
2022,New York,25,1,1,NA,1,2,NA,NA,NA,NA,1,1,NA,1,2,1,1.222222222
2022,North Carolina,1,3,2.5,NA,3,4,NA,NA,NA,NA,2,4,NA,2,3,2,2.833333333
2022,North Carolina,6,2,1,NA,2,2,NA,NA,NA,NA,1,1,NA,3,2,2,1.777777778
2022,North Carolina,7,7,7,NA,7,7,NA,NA,NA,NA,7,7,NA,6,7,7,6.888888889
2022,North Carolina,9,7,7,NA,7,7,NA,NA,NA,NA,7,7,NA,6,7,7,6.888888889
2022,North Carolina,13,4,4,NA,5,5,NA,NA,NA,NA,5,6,NA,4,4,4,4.555555556
2022,North Carolina,14,1,1,NA,2,2,NA,NA,NA,NA,1,2,NA,2,2,1,1.555555556
2022,Ohio,1,4,4,NA,4,5,NA,NA,NA,NA,6,5,NA,4,5,3,4.444444444
2022,Ohio,7,7,7,NA,7,7,NA,NA,NA,NA,7,7,NA,6,7,7,6.888888889
2022,Ohio,9,4,3.25,NA,3,3,NA,NA,NA,NA,2,3,NA,4,4,4,3.361111111
2022,Ohio,10,7,7,NA,7,7,NA,NA,NA,NA,7,7,NA,6,7,7,6.888888889
2022,Ohio,13,4,4,NA,4,5,NA,NA,NA,NA,6,6,NA,5,4,4,4.666666667
2022,Ohio,15,7,7,NA,7,7,NA,NA,NA,NA,7,7,NA,6,7,7,6.888888889
2022,Oregon,4,3,1.75,NA,2,3,NA,NA,NA,NA,2,3,NA,2,3,3,2.527777778
2022,Oregon,5,4,3.25,NA,4,4,NA,NA,NA,NA,4,4,NA,4,4,3,3.805555556
2022,Oregon,6,3,3.25,NA,2,2,NA,NA,NA,NA,2,3,NA,2,3,2,2.472222222
2022,Pennsylvania,1,7,7,NA,6,5,NA,NA,NA,NA,7,7,NA,5,6,5,6.111111111
2022,Pennsylvania,6,1,1,NA,2,2,NA,NA,NA,NA,1,1,NA,2,1,2,1.444444444
2022,Pennsylvania,7,5,4,NA,4,5,NA,NA,NA,NA,4,4,NA,4,5,4,4.333333333
2022,Pennsylvania,8,4,4,NA,4,5,NA,NA,NA,NA,3,4,NA,4,4,4,4
2022,Pennsylvania,10,7,7,NA,7,6,NA,NA,NA,NA,7,7,NA,5,7,7,6.666666667
2022,Pennsylvania,12,2,1,NA,1,1,NA,NA,NA,NA,1,1,NA,2,1,1,1.222222222
2022,Pennsylvania,17,4,4,NA,4,4,NA,NA,NA,NA,3,6,NA,4,4,4,4.111111111
2022,Rhode Island,2,4,2.5,NA,3,4,NA,NA,NA,NA,2,2,NA,3,3,3,2.944444444
2022,South Carolina,1,7,7,NA,7,7,NA,NA,NA,NA,7,7,NA,6,7,7,6.888888889
2022,Tennessee,5,7,6.25,NA,7,6,NA,NA,NA,NA,7,6,NA,6,7,6,6.472222222
2022,Texas,15,5,5.5,NA,6,5,NA,NA,NA,NA,4,6,NA,5,5,5,5.166666667
2022,Texas,23,7,7,NA,7,7,NA,NA,NA,NA,7,7,NA,6,7,7,6.888888889
2022,Texas,28,3,2.5,NA,4,4,NA,NA,NA,NA,2,2,NA,4,4,2,3.055555556
2022,Texas,34,3,2.5,NA,3,3,NA,NA,NA,NA,2,2,NA,3,3,2,2.611111111
2022,Virginia,1,7,7,NA,7,7,NA,NA,NA,NA,7,7,NA,6,7,7,6.888888889
2022,Virginia,2,4,4,NA,4,5,NA,NA,NA,NA,4,3,NA,4,4,4,4
2022,Virginia,5,7,7,NA,7,7,NA,NA,NA,NA,7,7,NA,6,7,7,6.888888889
2022,Virginia,7,3,3.25,NA,3,4,NA,NA,NA,NA,2,2,NA,3,3,2,2.805555556
2022,Virginia,10,1,1,NA,2,2,NA,NA,NA,NA,1,2,NA,2,2,2,1.666666667
2022,Washington,3,5,6.25,NA,6,6,NA,NA,NA,NA,7,6,NA,5,7,7,6.138888889
2022,Washington,4,7,7,NA,7,7,NA,NA,NA,NA,7,7,NA,6,7,7,6.888888889
2022,Washington,5,7,7,NA,7,7,NA,NA,NA,NA,7,7,NA,6,7,7,6.888888889
2022,Washington,6,1,1,NA,1,2,NA,NA,NA,NA,1,1,NA,2,1,1,1.222222222
2022,Washington,8,4,4,NA,3,4,NA,NA,NA,NA,2,2,NA,4,3,3,3.222222222
2022,Wisconsin,1,7,7,NA,7,7,NA,NA,NA,NA,7,7,NA,6,7,6,6.777777778
2022,Wisconsin,3,5,5.5,NA,5,5,NA,NA,NA,NA,5,7,NA,5,5,6,5.388888889